{"initial_reset_timestamp": 1514537815.074444, "timestamps": [1514537982.916296, 1514538091.883395, 1514538134.0982668, 1514538175.798413, 1514538217.6157892, 1514538258.8939, 1514538300.203406, 1514538341.5536041, 1514538391.157409, 1514538432.307012, 1514538473.859596, 1514538515.076766, 1514538572.441279, 1514538630.9269629, 1514538702.0440562, 1514538774.08756, 1514538845.5225, 1514538917.101393, 1514538988.604806, 1514539059.801405, 1514539131.810963, 1514539203.087786, 1514539269.059728, 1514539339.4665449, 1514539410.973006, 1514539482.290411, 1514539553.4731698, 1514539635.015757, 1514539676.661442, 1514539717.84631, 1514539760.583934, 1514539801.8116229, 1514539842.997005, 1514539884.2169018], "episode_lengths": [10000, 10000, 10000, 10000, 10000, 10000, 10000, 10000, 10000, 10000, 10000, 10000, 10000, 10000, 10000, 10000, 10000, 10000, 10000, 10000, 10000, 10000, 10000, 10000, 10000, 10000, 10000, 10000, 10000, 10000, 10000, 10000, 10000, 10000], "episode_rewards": [0.0, 0.0, 0.0, 0.0, 0.0, 0.0, 0.0, 0.0, 0.0, 0.0, 0.0, 0.0, 0.0, 0.0, 0.0, 0.0, 0.0, 0.0, 0.0, 0.0, 0.0, 0.0, 0.0, 0.0, 0.0, 0.0, 0.0, 0.0, 0.0, 0.0, 0.0, 0.0, 0.0, 0.0], "episode_types": ["t", "t", "t", "t", "t", "t", "t", "t", "t", "t", "t", "t", "t", "t", "t", "t", "t", "t", "t", "t", "t", "t", "t", "t", "t", "t", "t", "t", "t", "t", "t", "t", "t", "t", "t"]}